"","mean","ci","2.5_per","97.5_per","Pop","diff_lower","diff_upper"
"1",-0.62281,0.95,-0.659827132578158,-0.586949744479486,"Hist",0.0370171325781584,0.0358602555205135
"2",-0.75374,0.95,-0.784804175588137,-0.723863627752754,"Contemp",0.0310641755881371,0.0298763722472462
"3",-0.71593,0.95,-0.745984478711706,-0.685480495578657,"All",0.030054478711706,0.0304495044213434
